id,price1
2242,392.12943
20532,310.15845
10648,380.66837
20677,1097.1185
12593,390.81842
11159,453.30872
10680,839.00745
6433,2491.028
2794,279.58807
11579,764.68304
13859,248.33163
12260,441.5777
18254,379.81296
19453,463.67917
8121,1064.8077
9791,511.0471
7402,1994.3259
3205,321.01163
14489,374.14517
10607,713.88293
3659,592.7005
7625,493.99078
12862,2513.8582
13985,433.96317
10206,441.5777
6889,1903.024
17791,670.099
8920,2178.9338
15762,494.07245
9762,356.675
15247,702.83044
14490,305.3338
3545,305.2812
4122,465.37558
9075,419.41586
17580,526.48114
15546,442.67163
16679,405.3495
7800,540.77795
10314,292.73517
20247,448.55716
10068,1130.6904
971,363.35892
3832,399.08908
6052,2074.367
12718,3438.8315
11469,464.04022
10655,453.2633
5933,416.82672
7000,488.42862
18084,592.7005
20918,3396.7322
16193,912.1713
6116,1944.0977
7581,337.23267
2214,410.3847
19489,492.604
2592,1082.2987
14541,1082.2987
5584,440.65985
20002,665.2328
341,2522.5168
10363,672.225
12292,356.48425
19769,418.5333
4521,206.55191
8402,313.42017
8485,469.26135
7561,446.51755
9885,267.99246
2582,374.61133
8209,297.46463
13611,502.2809
13591,416.9604
9676,378.7877
13851,586.01654
16691,487.61877
17785,618.40436
18685,424.72318
3369,589.6889
16066,531.23846
3003,543.5127
18981,284.28934
13554,568.88055
11588,504.07208
16379,2048.1897
12575,448.04388
9249,248.33163
15449,235.78783
20597,469.99414
12342,991.79663
9065,411.38525
17968,416.42273
17803,813.42737
13495,449.63535
11078,1824.611
19475,616.6883
19860,373.86862
805,516.1318
1,1089.0034
13151,451.66495
4133,782.60944
446,647.84827
18830,1290.3297
7909,396.4792
13969,1049.8937
6901,2359.1775
3961,3550.641
10150,1234.788
4490,381.55182
5897,264.49548
20844,393.903
19011,586.9487
18577,500.22702
3555,682.219
15716,488.72656
20324,428.74292
18654,2102.2776
8184,358.97452
4349,251.63101
13737,319.51157
10749,565.62836
19921,524.6675
15467,556.4243
10725,412.83118
18354,434.8554
153,681.6595
8961,701.227
501,524.6647
18332,301.79486
4068,524.11304
13206,449.39975
15926,463.9938
20705,355.52844
15433,418.9057
16477,570.1079
15608,543.3914
4957,307.47235
9095,421.4863
12618,412.25156
17259,228.56203
6906,378.57416
20713,308.19846
15305,685.53284
5370,505.4182
20079,583.2029
5574,369.14926
8049,246.90115
3493,2694.653
7390,560.1437
12996,487.4184
150,403.60358
7941,389.83524
16993,387.5287
18502,523.848
1046,365.47968
17121,439.0684
15629,620.8545
18932,712.4278
8131,404.2949
6926,350.83862
11131,423.56607
10941,426.95108
12030,385.3043
17959,566.6791
14464,412.50912
18288,356.23862
17404,1029.5447
930,1760.3752
10001,520.23883
7044,2675.986
17375,340.02582
13231,276.93427
3147,1068.7705
4856,574.5229
14757,629.7324
14918,465.37473
10947,295.24377
17853,478.6304
6359,891.53485
14331,470.62878
6111,331.8313
20276,2141.5342
10660,1526.9764
4222,418.9057
20592,556.8607
1023,1914.115
14844,464.04022
11145,680.85803
12578,481.79297
8668,288.31192
18474,453.1748
9807,393.28125
15911,1117.1726
3721,976.7088
19353,881.83405
17362,471.91193
11120,566.53723
18867,392.38446
17178,343.45355
6879,425.79678
4802,488.87067
15451,314.70035
15857,460.2765
3179,621.31104
7258,408.44263
6247,506.23593
14378,669.5881
9308,1251.6674
8879,423.8732
9484,570.6444
7676,826.43243
14419,586.9475
19097,270.58466
168,1550.1499
4427,265.2753
12771,509.35745
17299,430.62103
5118,378.44724
12040,456.17343
13747,534.0027
18751,421.9052
5227,503.71866
12100,450.9811
17604,412.1485
1218,455.50345
18775,289.63416
10853,202.78732
3168,337.9209
14636,305.3338
7927,359.08438
17035,519.88947
8762,332.64307
2152,404.01105
17152,291.1315
9824,289.1422
8142,3343.837
15932,713.20013
1141,408.44263
17330,3620.5642
19889,471.44147
4915,575.6326
693,466.0059
14449,474.1449
1975,517.9107
4055,555.0559
13336,596.0291
15678,474.50784
8491,530.30963
15115,351.94336
14146,478.46292
19296,432.72043
13281,393.09592
20363,384.88284
13879,283.06586
7859,275.79486
18819,430.99103
3538,424.2094
13185,332.6134
10595,411.38525
857,679.23315
7654,442.07437
12429,456.0087
18200,399.3398
9710,451.7244
12240,617.9191
2939,278.99857
120,484.6387
11548,1042.6448
5261,1287.7798
5598,423.25555
7679,680.7005
1820,478.81598
3259,504.21667
623,398.55258
10503,525.71246
9267,528.8483
16624,1282.9758
20850,628.54
9821,658.87714
4693,401.15454
14824,609.996
14096,592.7005
6149,466.6693
6373,471.2271
12989,591.6837
5547,475.198
5420,1674.9237
2058,984.417
20958,616.8769
13945,748.39557
6245,456.02393
15624,327.97305
13317,283.74716
1802,405.13382
18216,414.14575
17276,475.9618
10247,417.74307
9532,1285.5797
1568,483.2081
13427,539.01215
12689,356.86588
9955,912.1713
8860,498.7534
9425,482.4791
19772,913.47675
5233,1317.1122
12556,600.42206
11977,293.4751
17523,749.86005
4760,985.5618
17714,311.58966
12022,294.83533
9905,2501.8796
205,78.41937
11438,350.03763
13352,466.265
17203,411.43137
650,448.03607
11186,3231.8135
6485,421.73895
17370,2663.6426
19084,438.09457
6484,621.0699
5341,333.07822
8138,649.611
8708,463.65546
6397,691.27045
12836,426.10843
12251,359.21722
17860,208.75797
2181,428.7089
19757,630.17065
143,385.0053
13111,439.77313
7723,783.91907
13060,390.5778
7508,473.02502
12366,365.57455
10779,551.3963
11653,416.4842
13751,425.90363
15564,459.67398
11454,310.83838
10572,665.8575
5140,467.65723
1523,353.6634
20160,1068.7705
9103,336.46835
14595,2476.142
9727,505.00543
7265,481.24222
15253,537.73737
15590,1158.8032
9682,345.9758
15271,466.96375
18032,504.77945
14029,430.19995
8552,417.3364
15074,434.17
11288,259.65915
20607,1771.6418
1184,404.18243
1651,358.97778
7177,430.6662
1834,293.2151
17391,2071.24
9564,424.73138
17589,471.5406
2022,596.0291
1552,502.2809
7158,712.4278
7311,315.95944
20026,391.80658
16405,2261.917
17235,397.64368
15558,515.3661
8468,560.5238
7424,517.74817
7307,2538.2822
18602,845.4507
7421,372.83466
2801,311.87158
6154,298.00064
3296,321.79916
8568,795.44196
9285,232.0353
16978,458.8698
17817,1979.9247
7127,898.4789
6890,337.31296
3057,502.25266
10994,620.8543
10840,565.62836
14037,797.2072
9685,460.58395
14404,344.49307
9165,356.48425
6006,235.84024
5819,302.65448
8709,456.43756
18154,569.5273
808,474.2233
9059,564.5214
15285,451.53098
2081,2373.4756
17823,416.877
15500,1041.5015
1068,464.03238
9008,550.6457
4204,447.87122
6919,1823.1141
12720,588.22845
15904,476.48212
5606,320.64584
8893,539.0862
12084,275.2118
7485,429.70566
11935,611.4905
17576,342.806
10746,624.13
426,612.64105
364,2963.0137
12415,453.5923
5546,402.96124
12801,612.06793
4203,2333.3684
12857,361.88034
3163,239.27692
20485,1929.1805
10786,259.77542
20165,709.1623
8038,310.70255
7474,307.32004
16133,1931.3588
12048,477.38086
911,357.48355
14767,399.8946
19044,494.2615
12538,718.7002
11676,530.52716
154,324.5247
4829,1925.2599
2485,561.93787
15721,291.95535
16235,978.66437
8337,813.79443
15320,509.06693
6963,347.1921
5470,400.32104
1262,410.28903
4487,744.6909
4409,292.2204
4027,1241.78
2,279.8494
17707,545.86005
10810,459.865
381,533.7985
3743,505.15405
6388,451.819
13531,473.02502
9761,565.62836
11540,456.38684
10024,444.43033
19053,548.8255
20654,504.77945
17347,287.00974
7237,274.26382
18971,475.27505
17000,351.63525
19585,423.79916
14974,745.72644
13045,376.5999
11866,2016.5005
16764,222.07079
8099,496.92136
10714,1014.55414
7537,538.536
1828,411.1367
8170,513.5005
7499,388.50125
18825,596.91736
13661,289.4025
9501,430.19995
1706,546.1568
2739,511.59656
17997,429.437
487,310.04062
7782,457.37088
2373,1346.004
17478,487.84006
615,676.4731
3741,297.73407
14957,533.8932
430,495.95172
2007,288.52994
17652,429.54538
18160,441.17398
8735,472.51306
18121,1014.55414
4125,3130.913
6897,329.43735
16646,411.63892
13731,509.35876
4524,539.9251
14108,1317.1122
17782,471.414
7382,497.5982
11839,493.49188
15281,251.26202
14840,888.7091
17682,431.95038
9898,530.5934
18766,458.7747
13555,710.24634
3798,282.1151
9207,427.60135
10862,484.67615
10624,477.75037
10905,337.96906
19255,488.6813
18233,452.92572
4872,426.5491
9626,375.85138
13113,459.43365
18793,383.56357
15019,456.33716
7970,281.8427
6346,1063.4409
3287,528.8162
9179,704.73145
5523,1088.2366
3676,431.85913
5772,438.09457
18087,424.73065
8476,409.75494
3375,569.36096
14759,472.45728
13247,517.3726
20691,326.44196
17700,294.48947
4998,411.9434
8528,433.48798
2700,465.16724
14012,546.80896
7375,400.2126
12102,520.27716
7804,575.3002
13608,904.9886
11052,378.59436
13933,447.17944
9043,394.28345
14417,418.9057
13488,873.9266
13607,747.99634
950,1241.4465
20644,1922.2694
6002,2165.872
18246,1167.3214
10561,305.39755
7439,272.99945
20636,329.1627
11782,631.6687
8554,1566.1993
6651,554.6342
11948,417.9031
17885,355.51605
20649,2182.221
20433,209.01144
14405,489.86102
1959,554.91504
17026,2632.9924
10442,378.7755
12912,449.39975
18348,324.0422
17934,2639.387
8428,335.0031
6200,497.90384
10687,624.15204
16547,1159.0615
5778,270.80493
18683,2491.028
19052,1859.6759
18688,494.6993
18266,676.7155
4292,1037.6489
719,593.8421
18846,2480.5583
12644,425.5748
17614,435.00854
20756,602.9336
1408,374.40985
19075,502.6
11681,454.16025
10488,474.951
17223,752.8934
10992,435.47595
19379,1793.3687
10896,312.0631
18871,234.43907
2815,433.0848
18307,433.47327
19536,351.79205
12667,3437.2036
16623,490.83365
1628,453.2633
17431,559.72943
7934,283.15518
12817,356.48425
5156,534.5206
6588,449.63535
14847,601.6472
1775,574.77325
19167,782.3098
2929,385.3647
9609,433.73416
16711,1668.8531
20594,593.9267
8202,2030.9169
4507,412.07187
1944,534.99304
18003,530.5703
14287,3569.432
2224,351.63525
6178,363.0697
6267,1222.1152
10508,524.77954
8089,468.2443
3450,505.15405
14507,594.5082
18783,287.187
15726,881.83405
20260,434.8554
10638,469.18948
10414,416.45016
19375,454.60416
1902,833.87366
13834,724.123
11807,2491.028
741,552.88043
10497,545.8254
12241,1848.901
4714,419.88846
8258,2202.0544
13588,1373.121
17446,407.223
732,854.7869
3326,2343.2126
12012,364.07108
5688,487.09357
13342,349.98395
6583,519.93665
4774,817.48956
6026,283.09937
7111,470.53693
15353,363.98618
18425,653.9148
2368,331.43558
10979,374.40985
7717,401.76886
1576,307.09296
7154,902.20166
15871,413.18292
18659,461.40945
3162,428.43878
5694,548.441
11042,495.31525
7370,292.0436
5218,601.6858
7190,712.4278
9020,2125.7434
19313,411.38525
5550,534.12775
4359,500.13776
17103,513.15125
4795,1795.194
8197,305.2812
2953,414.25656
10716,2243.354
3746,585.40393
14973,524.3308
20578,813.5016
1564,1672.5237
5424,816.20294
12116,419.19238
20085,349.90317
3762,354.55176
2406,300.73834
19657,362.40598
7855,328.6788
16586,506.68723
9799,398.55652
11444,254.16759
11800,512.5591
3107,915.9628
20285,1223.7676
9080,485.6096
6635,630.6716
17395,394.32156
12184,765.3807
17100,272.71613
16148,909.65497
7903,424.53314
12608,1146.6426
666,579.29755
18100,524.25073
14717,379.45557
13324,430.4797
14189,402.46423
3461,1821.6371
19775,1499.1327
4075,346.72937
19111,473.23227
7551,317.98685
20848,313.1639
9140,523.66486
6740,583.7572
15578,388.7694
14791,409.63785
16497,519.362
13686,1025.907
20762,411.9779
2364,328.4885
12545,395.6084
10225,785.97595
13221,279.58807
14812,298.29507
16530,381.4787
315,381.05264
6953,411.9641
4723,736.9943
17802,778.96857
11484,4292.393
1874,319.92285
4649,277.483
18207,506.96887
4386,405.03168
6434,515.7858
3069,435.3679
15930,515.4409
14733,390.30386
3883,461.76895
9445,464.07172
2352,589.4905
9247,537.0538
15399,292.0414
18039,578.1092
15398,590.0555
15033,458.0916
4934,576.2151
3224,504.61554
18343,2365.4978
10785,542.7349
12486,2690.5542
17587,540.9608
11340,335.55502
9742,378.44724
5505,402.0861
20423,277.8282
15009,405.534
8734,394.16855
2263,469.47314
136,384.41052
12916,518.5669
3873,445.5897
11464,417.93127
4512,596.0291
6069,413.29367
18268,415.8329
14624,494.9447
10060,346.54584
17500,532.2265
1898,234.18834
448,376.77753
18279,487.50848
11814,439.97427
5878,329.43854
20559,712.0487
95,436.5718
11020,514.2328
20380,485.24106
3868,1981.8943
8365,763.8056
17476,381.02032
11208,431.79898
3037,331.36612
8940,493.07312
2491,456.66248
2404,664.10126
20204,378.7877
11037,1812.7705
3814,3186.7957
6838,1894.4413
4456,205.95273
4646,390.21014
15179,1416.2094
18208,340.51727
10478,459.67398
17102,2222.3484
20097,471.37933
18990,649.37
18569,893.86584
11445,397.575
20948,418.07993
16346,554.0071
12943,444.47937
18835,431.12244
1589,483.267
13127,437.50537
11731,438.3207
937,1986.1482
7788,2877.3562
8664,263.5403
8067,378.57416
1779,714.4628
9520,578.7697
6943,709.76483
13212,508.88156
8456,2506.486
14297,224.43053
9677,469.82474
19908,4053.1619
11764,628.17084
13543,446.45746
15722,564.75214
1989,322.83377
11105,441.93008
13906,495.51624
20739,336.70694
8778,1040.0127
6720,541.0184
15000,300.5336
2021,2090.7725
14950,2052.19
16974,351.3644
9174,458.7747
10376,516.9451
16875,404.40033
20791,589.6129
1495,723.5913
14807,336.81445
17196,574.76794
3126,311.49585
224,394.1954
4431,442.9884
17635,251.63237
10562,568.9611
18993,1122.4895
16661,447.9328
8248,303.4583
13296,441.83878
14649,1348.7112
5229,2155.1992
870,459.72076
8417,430.9139
18408,498.13513
10985,388.52667
14380,1657.7965
1533,571.32794
17366,3683.5857
4062,904.6017
11915,456.17343
12151,464.03238
10307,457.69305
15813,492.9913
2557,342.56726
10761,1228.8788
11718,422.44662
16459,276.18597
15032,1563.0344
5471,431.85913
19998,1863.8914
18633,326.9698
16221,382.5655
9290,525.774
10743,543.3914
5266,2410.6223
14926,332.14423
13230,417.35922
15913,208.75797
9147,456.65982
9818,629.763
14995,1793.0774
6422,278.92944
15945,3124.018
17358,316.17017
6020,455.22034
9120,655.70386
13362,1558.3203
7543,775.1879
13076,4303.5864
10332,523.848
1861,296.0138
14118,488.86398
12920,394.60013
17466,312.56378
13515,371.349
8717,1334.3352
20453,396.4792
3021,262.29745
16358,423.62634
601,472.35458
5659,359.02036
3214,457.68027
14901,356.12286
5559,355.33463
4572,466.38538
2866,270.80493
16079,778.96857
4661,694.6898
5125,246.90115
2762,429.63235
6515,366.50266
12736,507.7325
10483,604.3948
15443,351.63525
13449,524.1276
2577,589.4093
18251,292.8165
5512,1765.0894
18184,463.6305
17022,390.99115
7408,3139.841
11195,376.91144
7798,501.3576
14413,1163.828
18543,478.31738
8973,761.62244
14726,312.5631
13668,387.22714
15631,351.79205
1417,2675.7378
14360,443.8574
15657,461.35815
11428,1828.33
12915,420.28052
10781,332.64307
16938,422.6485
14497,2688.1272
10410,927.26874
8210,419.76852
16391,272.02905
10635,363.0936
11984,524.5747
11768,753.9919
10128,604.1053
5248,280.4635
17386,455.19885
9322,1118.0315
4372,363.0936
1203,504.98788
17749,321.91934
14161,509.55743
1584,545.4159
5954,501.13245
12217,296.2196
3531,402.137
16022,1709.9437
9920,506.34796
7151,847.03064
15096,316.49725
10731,431.69418
1671,384.9634
7975,461.27744
3374,314.31802
20089,1793.0774
15046,281.52203
8375,2121.0012
18434,842.59424
12944,1284.3469
18201,455.44583
14654,509.35876
8846,382.60602
19426,471.31778
3002,634.9417
16898,470.07864
12381,420.28052
5403,299.44186
10636,597.35675
17657,602.7676
5906,585.10364
20124,455.0461
5467,380.29312
15521,453.46823
69,557.9409
20890,2931.325
10868,417.88535
583,531.25366
10035,432.56528
11101,600.42206
428,412.47177
5356,454.40836
3399,478.57477
4782,476.05554
17495,329.65167
10586,436.98868
10653,466.9502
16097,1520.0708
16841,511.58755
4995,751.03674
642,350.5
4535,456.52557
19798,320.78253
13801,823.197
17177,280.47452
10682,1023.12006
20807,284.28934
9953,224.28387
6830,470.93524
6626,319.92285
14393,498.35132
11830,1953.9829
8703,330.74158
1541,459.03986
15169,476.6318
9246,398.12057
11356,420.62845
17931,685.1671
4071,399.84558
15967,840.70984
14434,1053.9164
18395,521.2722
12054,328.4518
7978,497.90384
3998,391.50964
844,354.89804
9917,331.03232
789,1641.0001
4380,351.1058
17154,499.86166
12305,759.58856
10217,615.1593
15029,505.38138
18588,229.67815
15108,568.2716
4398,589.76196
20298,406.8308
8637,929.5321
7803,463.48834
2234,574.77325
18852,839.1479
4917,539.01215
17300,403.41702
6672,416.9604
4035,529.0035
906,1360.4946
10733,1120.1844
18020,849.0678
9656,819.69867
16982,402.92697
16418,409.8247
7305,494.9447
14375,797.9761
19926,1722.4199
1192,553.8123
4373,457.13016
20095,515.7267
17288,1205.9684
19227,350.41623
12811,363.73703
11345,862.41455
8577,471.21094
13321,1517.7296
9861,294.65628
738,488.44894
11672,1906.5343
19516,458.6845
12511,404.7869
7145,402.58987
17837,480.24716
17209,1527.219
1657,251.26202
3384,364.80344
11526,847.03064
16394,523.3591
18417,378.44724
20418,1694.6787
5176,1251.4958
555,439.26938
10989,257.0347
14880,454.91696
1800,1400.3397
17094,1740.5459
5013,592.7005
9176,478.58856
16519,1252.3218
12873,426.56107
9013,2252.8867
13103,327.7839
6344,458.13922
20034,385.9666
5940,289.1586
19000,2644.5886
17586,550.1426
8862,451.62003
1050,454.92682
8823,270.5841
15413,321.05734
3096,263.9502
9433,2747.3665
12871,457.45453
12540,862.41455
2963,686.6161
11967,458.56668
4236,307.83572
17353,292.00577
5905,292.45444
13596,434.8554
394,1476.3148
16802,310.29947
10281,819.14624
8413,486.88333
8791,531.28394
6727,445.46664
20572,1942.5848
18357,565.62836
509,353.16022
7945,482.38654
4242,211.70659
13666,533.30554
10176,411.46298
922,550.78186
20814,1279.8625
20273,1613.502
17133,456.54745
15485,732.36646
8300,1572.954
4796,325.7591
807,2158.3577
14138,1360.0677
14198,294.9315
11049,474.73676
12603,502.62888
20417,670.099
9312,458.38876
5492,748.23834
6511,306.89246
8071,3074.7136
16034,1629.3597
13357,285.36154
7088,514.93555
7694,336.0298
1986,409.63785
17129,340.55856
8119,543.8748
17122,480.49524
11802,495.08185
3059,421.97656
13192,495.51624
7120,317.63794
10165,369.9663
6401,270.58347
4969,731.7068
329,412.0744
6273,1954.4385
20767,337.078
3090,815.26324
14579,334.12305
18980,441.38098
12323,294.42557
18810,532.7673
17398,432.5363
5834,408.96878
16580,919.30524
13150,596.0291
17130,452.4223
343,495.34473
15363,2125.7434
31,455.40186
10693,232.18768
16963,445.81467
15850,1355.588
10133,735.6259
6309,643.5129
8527,442.34494
19152,419.94458
17648,474.75574
10526,448.19318
20386,1589.0343
10110,555.34546
17442,426.73373
20870,550.3857
11243,220.28825
4366,542.3489
10037,2644.5886
1388,410.41275
5963,464.87747
7414,364.1544
6308,467.6104
16837,673.1594
19290,506.82254
3582,403.39264
2556,221.92188
13510,823.11957
5893,1412.2738
13487,337.96906
15973,405.7733
6692,473.02502
13844,396.11545
15616,439.37894
12198,404.498
6159,553.59326
19871,480.22504
2725,471.05005
16158,705.3436
470,1561.5406
2702,453.967
15632,456.33716
12542,922.6882
10437,443.06094
4611,541.16797
16822,399.17856
19294,315.55484
11324,466.02676
6970,690.76935
10175,332.50452
14822,634.54224
1833,2376.9902
9640,414.77972
9476,328.09882
2194,310.83838
5673,460.19965
17385,546.99164
641,1949.7635
9098,633.0762
13575,421.574
20579,527.066
6887,578.3028
18403,461.48114
17460,476.02948
12092,1964.2747
7170,383.56357
13416,637.312
14954,273.96964
316,699.35846
5764,399.14862
10121,438.09457
14026,577.72943
6659,502.62888
3665,481.83627
13956,485.65594
20288,356.48425
674,523.488
20179,295.08032
13764,502.62888
19311,466.6369
10319,229.4214
9049,471.93723
2061,432.07883
20293,295.64252
8646,479.2947
11538,518.3032
2809,346.90186
8722,542.1804
17445,328.8601
10457,470.469
921,433.81116
20788,1276.1678
6698,1406.8164
14538,439.42557
20712,253.08122
12747,283.43716
535,1230.6024
15592,378.03152
2878,347.18988
15334,580.97815
6360,907.5954
6942,463.49704
5301,579.5765
5848,368.07263
4721,1543.4712
1610,278.01318
1015,1228.8041
11581,328.09882
20931,330.8702
13558,387.8426
2329,302.46085
5917,316.95166
5877,906.6303
19994,409.63785
13527,485.97528
17744,396.71146
12659,603.6424
13916,420.28052
7539,1671.5784
13249,482.84164
12711,389.37048
1755,1338.1588
11128,562.9793
12205,337.96906
8705,409.66754
2232,484.67615
18611,259.65915
17789,397.0289
2494,476.01886
5151,259.77542
14246,1323.3267
12316,584.0997
2347,512.2471
8964,667.92236
16951,428.7178
6391,649.611
1359,463.67917
19461,347.53845
13326,812.1905
12248,280.82626
14094,327.17886
3151,1206.1259
11402,478.08685
20093,340.1542
18520,870.7646
14642,1808.3213
4462,493.93204
4143,417.21094
20601,671.24915
1531,258.34805
16052,425.40793
20359,507.18182
7880,440.4505
10554,367.7558
19335,264.08047
6225,424.1602
13233,275.45422
7790,487.3379
13070,360.72015
13865,351.2289
12704,299.03705
9487,573.1692
13049,1931.3588
7415,465.05234
17230,411.63892
14134,435.78726
6522,308.10736
7171,437.65192
16012,415.94083
6163,646.8844
14193,814.24066
8238,771.8777
17513,437.60507
4468,505.08438
20810,283.1587
14407,509.06693
18848,1734.6006
18010,507.00992
17017,467.498
10423,440.25778
17901,816.86395
8046,461.87076
10436,632.8286
12247,438.6891
5658,516.4367
18698,269.3274
18171,375.96887
18433,519.7531
12237,414.95477
17101,330.01562
10309,181.28584
12283,650.56915
14077,1758.0544
4958,415.6431
3207,322.17374
4289,264.37994
17571,704.30237
4783,778.96857
859,842.66156
17578,3609.109
3176,557.5226
2889,1293.6489
231,339.38013
449,1779.237
7937,272.99945
6197,453.4762
15612,377.0606
181,713.9454
18562,833.87366
3243,1352.5533
14858,248.33163
5267,410.64688
5892,268.56982
16868,324.5511
12888,262.16882
1189,1194.939
1854,574.1538
6039,433.19873
3647,614.25543
3729,378.44724
17340,534.94666
5258,461.75275
5648,412.30746
16339,412.1856
10728,1310.7397
990,551.6611
5894,740.84485
11311,215.57304
3572,392.78918
18586,533.30554
1979,919.3557
2796,369.29404
17787,336.9086
11983,440.58664
14355,1954.4385
1724,432.9468
18601,833.87366
17813,323.85034
8867,431.05753
617,458.28244
13701,386.54974
7604,481.51358
18555,455.81537
11804,430.61227
16121,2264.9148
16007,1360.0677
7920,292.73495
13730,498.7534
19654,713.2648
14797,415.6431
15719,434.9443
19944,335.9838
4882,2088.1704
15333,487.21878
10199,520.96075
16636,495.24805
20938,443.44556
15396,464.55017
16217,462.93588
19827,1390.6104
1749,388.23248
16980,312.95007
15838,411.16556
12449,493.07312
19260,396.84702
13755,405.71155
14593,305.3225
6870,248.33163
19738,371.349
5394,476.28452
3544,433.14993
8795,381.7957
16954,678.528
5232,407.59177
14513,1448.0698
5209,441.91394
11779,480.98282
1265,795.44196
12759,424.18832
4880,709.4838
17124,521.46924
20270,330.12604
2435,2001.5366
363,477.91876
18298,2953.7375
18924,511.2028
14274,502.2809
20771,428.57825
1481,321.91934
12917,363.0936
4389,277.47906
17283,422.6353
5305,2476.142
5217,462.23434
20779,440.07657
9618,604.0002
10588,474.55582
2056,501.6675
1090,412.40848
13982,388.06024
13831,406.66382
17844,1039.0917
4791,459.64813
10515,356.1692
8072,390.62906
12568,573.1692
12566,399.88324
4873,366.227
19331,1107.9727
6548,3363.6868
6045,2184.745
8647,473.30832
2639,314.9694
11180,404.2949
18589,2440.8137
17294,385.17773
15972,712.7196
352,457.6344
8830,211.70659
8874,415.0727
1437,1551.6167
11810,397.39844
10661,417.29733
6113,484.28452
15446,502.81113
4263,466.861
16570,435.1636
4231,458.46594
6281,318.7156
16250,331.86905
5365,365.76816
54,326.40906
12749,272.02905
586,473.8194
6315,580.2346
10280,628.7696
12388,509.71912
638,461.46362
3482,437.45905
3252,406.66382
6718,325.9323
12353,435.8406
2116,440.98615
7219,540.0085
12639,243.1252
18642,2226.8687
10841,596.0291
13081,472.20248
13302,430.77554
16466,363.0697
9580,654.2483
8437,375.85138
6131,596.1395
2714,1363.9146
4551,433.3768
8185,1523.0746
5101,478.01755
15070,1372.8248
5092,406.52234
145,411.32
7029,553.5621
582,425.39963
8713,411.38525
12809,261.33054
13886,424.7011
20385,405.11737
11432,517.15564
14455,459.26324
14651,417.12408
10529,180.16975
9090,184.9501
4748,622.8324
11749,647.2165
5020,392.6207
20024,497.06998
18722,388.7694
4241,559.2105
28,898.7566
6554,428.57825
3806,416.42273
4215,208.75797
6366,554.0071
13333,501.1601
14925,435.8194
16549,378.59436
14293,182.84544
13830,363.0697
17328,148.15587
3240,481.2448
5418,424.7011
2732,1821.5278
18677,275.47348
3853,370.4064
12993,362.675
9883,532.2261
7837,399.84558
10209,2088.1704
14523,406.6799
954,380.06992
7529,371.349
17651,416.94608
19572,410.72812
11354,1019.64386
9743,415.49463
987,316.7876
20551,1973.9753
16348,250.72061
11079,580.06134
11025,781.29034
12062,453.30557
13123,775.2335
14494,620.8543
3830,486.431
5653,456.45004
20027,632.0629
10559,459.0037
14838,3220.63
2297,434.829
16677,3034.61
14425,180.16975
12232,302.7757
9369,313.8435
5993,243.46687
4322,459.39185
8553,1235.7157
20144,363.98618
17176,1014.5869
16897,414.25656
19312,318.23068
12393,556.7776
704,649.2589
15569,466.83478
16157,1049.4502
3990,364.92755
12239,3703.6335
20480,592.1058
16495,351.63525
15855,478.60635
11959,561.2772
7349,451.62003
4840,417.9031
3412,417.11804
4582,502.2809
19425,555.66077
6555,578.1092
9739,267.21722
18236,518.42377
17082,487.61877
768,581.2467
2331,472.91006
19512,909.4908
9613,557.71356
17510,640.7847
11738,568.6519
6503,405.27106
10692,3396.7322
777,467.4003
10600,308.52118
9171,486.22766
14484,623.23724
4169,557.71356
11319,332.2913
912,669.98676
6641,778.96857
5737,544.68195
10296,460.1906
15950,312.1428
16582,517.3726
8135,309.56345
5712,331.19318
12982,396.71146
5486,2801.1436
11784,2002.4034
12671,625.1967
5159,470.99442
9347,510.868
843,2289.7195
12480,561.7837
5368,377.0095
11624,1213.33
73,856.2937
12202,279.58807
17417,560.2549
16194,2362.0164
7232,703.38873
12882,469.74997
10689,343.19574
15160,505.93597
9823,416.90982
568,657.58234
16630,421.9052
18618,771.8777
3933,456.17343
9951,431.69418
10003,898.08154
2515,2120.3115
645,490.91843
10262,384.36798
10599,489.49164
13808,322.8755
528,376.57217
6680,435.76028
17991,2222.659
17568,424.17776
16145,524.9201
16825,405.7733
18143,462.17657
14966,518.3375
19746,2058.4429
15344,260.45032
3568,551.82416
11008,790.7754
19528,373.86862
4152,395.99942
14873,282.40485
9450,424.47614
15982,1346.004
10966,748.4951
9340,451.14554
19113,283.1587
1019,487.29477
15133,2098.617
8689,447.3983
5166,430.20526
9669,468.99875
15994,457.69305
17890,855.8272
13052,407.84622
8148,209.4667
679,317.63885
20511,866.7076
5419,561.44653
19783,2316.4949
8977,857.7314
5242,377.2292
11958,239.27692
7015,314.31802
9453,244.46031
13381,380.52335
17541,248.33163
1422,2344.6326
227,538.6568
16880,412.5721
1723,434.06232
2587,511.59656
19509,400.6465
3217,184.9501
3089,369.3627
822,747.1057
8458,474.38138
17410,362.4074
12441,322.16702
7407,1641.0708
6239,2126.5715
17936,331.07504
6407,660.59485
20675,497.7837
13267,378.44724
16660,305.93457
17257,493.18448
14568,369.41867
232,464.513
4252,425.0206
2947,631.6687
3920,479.02396
12913,390.29736
5291,499.65842
7759,1231.915
5243,279.7757
8772,909.4908
2025,277.477
10767,2962.1868
9155,290.2062
8186,243.1252
4017,407.84622
3180,3494.2686
3753,986.5064
16063,505.28806
17192,442.67163
3927,300.5336
11201,412.29755
1438,833.87366
11419,410.38388
14572,750.4808
12936,2510.7612
15303,601.81256
18243,434.55618
6400,477.26083
19602,502.63367
6556,2282.1172
15447,545.86005
19707,251.70253
19276,446.3015
15342,429.64923
15953,506.43314
18033,575.7367
20025,1801.8418
16699,984.417
4039,519.7531
18042,390.21014
17591,685.1671
13636,448.22244
18167,567.5295
1350,365.83408
6976,334.14
13436,438.6891
1731,458.7747
18469,497.9632
3645,1260.1687
661,764.14417
18358,2094.6216
19220,311.3442
1784,833.87366
19153,2377.002
5452,3611.1826
15496,432.00183
7325,756.69727
5633,2895.091
6896,471.06854
11291,337.078
5235,799.93884
5085,248.33163
12037,336.0454
12945,604.5698
2790,604.64935
13106,527.09247
17111,546.1568
3351,355.13745
15061,420.3649
3738,557.75696
20877,1540.055
3422,2416.5244
18765,452.72208
18222,421.41293
18615,444.60977
11113,252.41414
9257,469.4131
2893,357.438
602,616.6193
17193,1581.5616
5656,248.33163
18118,497.90384
13440,391.03687
6289,423.85254
13530,1406.8164
244,386.81647
4000,439.9355
19246,473.30832
22,392.8515
19677,509.88092
2477,522.3909
15089,303.47928
14978,298.8959
7595,417.12408
6034,352.70108
20243,625.4652
19527,438.97842
249,814.581
5319,478.67624
14492,534.36414
1613,713.20013
6614,631.6687
7958,3723.1147
18913,517.9107
14528,583.1319
20086,558.1625
5212,401.82315
8306,497.29105
11363,919.13385
17388,669.69025
9952,276.93427
7747,614.99884
19700,335.0031
503,348.8982
16647,421.41293
16467,817.84186
20172,413.18292
17380,463.9938
6023,270.5841
16849,418.5333
15677,469.74997
8426,482.66888
7866,485.24106
17452,342.89462
19929,1052.0862
8543,498.09012
20307,448.55716
12837,1074.3148
9778,521.7915
8313,431.79898
4030,537.8202
17244,2193.5032
12976,315.17807
7983,2576.682
1133,1280.4408
14899,264.30713
16015,697.0537
3863,442.16367
2466,599.08466
6005,296.14087
10758,445.7946
3934,316.6149
1997,532.48926
4663,440.05576
5980,514.072
16295,388.60727
17926,462.35828
1831,221.78094
6935,817.73615
12164,487.2025
2671,1360.0677
20840,356.86588
6600,3190.3616
10832,517.74817
2990,718.46185
4984,428.00275
11670,1317.1122
16218,514.80286
11487,984.6668
9306,2948.2688
8789,693.3886
14353,1776.9849
15764,526.3061
6053,1074.9358
215,1200.5314
6055,2287.513
19886,365.7968
4769,242.43227
9067,457.71896
18808,653.28
722,568.38257
15940,802.15344
11707,524.18646
12783,440.25778
16583,609.5472
14586,361.3793
19758,414.52786
15769,307.83572
4600,459.2978
9150,432.5346
2860,489.73544
19197,723.5913
11261,445.46695
7497,405.5008
11688,431.85913
208,547.8938
18260,847.03064
8582,475.0385
19882,469.21124
12061,519.7531
137,322.86624
17565,603.6424
4147,517.3726
3250,287.19476
740,571.2039
2505,326.55356
13389,524.18646
2147,572.7554
10568,365.57455
18671,406.46738
17051,478.17404
12302,898.08154
2960,497.9632
11555,458.8048
15045,1269.1018
1553,365.37396
2187,992.01117
16526,1281.1365
6774,208.98695
6495,423.06424
14596,523.05615
13466,935.36316
112,792.2222
16813,1053.4667
5680,2089.374
7300,606.08514
15846,359.21722
17125,444.64636
20639,339.4111
13407,182.6305
6236,478.57288
7615,396.507
3407,441.5622
10170,1175.0195
20297,424.59332
20164,251.3605
19733,299.90125
6443,471.1284
15740,555.0559
5416,761.52795
10084,729.85956
15260,597.12445
9653,445.33783
12406,491.41968
9113,451.45047
3942,752.23773
8097,276.07156
14919,432.80966
4570,414.78067
10518,411.9434
1940,1577.3363
3921,479.02396
6690,541.6945
2948,554.0071
20378,476.921
6764,434.07266
4109,1515.0012
9014,567.0522
956,373.4686
3507,527.6848
15873,504.90015
13744,500.12006
14872,443.53207
10444,2247.7705
14794,397.80457
6051,506.00653
5214,4032.8796
20782,525.3625
4937,497.90384
8345,236.94583
17754,509.07043
14517,537.8202
4722,421.97656
9116,236.41304
11825,397.58972
19403,411.51126
18726,835.98535
3307,2177.275
7428,427.40866
6220,277.70453
13044,483.81897
3264,391.91937
13182,517.05426
5253,244.3003
20819,574.77325
19661,285.36154
15641,719.5714
17916,501.3576
19802,386.6414
15345,417.93127
12267,394.93344
6586,486.96725
3509,785.44696
13178,332.2913
8581,279.58807
10338,1221.4009
19157,514.4642
17342,288.31192
13117,234.84253
746,480.27402
46,354.5798
9516,591.3979
2240,442.8378
13131,466.6369
20331,493.28967
18432,524.5889
15331,2182.221
16671,447.09506
4424,507.8806
5610,2741.567
3092,691.27045
12929,350.25436
4164,509.30368
5137,298.24957
3348,434.25256
8792,431.95038
683,459.28894
10814,315.8253
216,336.9309
17116,232.87927
1204,467.886
10126,309.74207
17232,498.30777
5815,516.6353
6019,2347.3743
99,454.41995
1294,296.45685
15111,462.93588
5250,432.51694
19241,257.41635
13248,683.179
9327,496.18726
3111,361.8089
1796,2422.7417
17099,466.4693
12930,331.24368
2248,347.68814
2353,456.30737
1887,474.84784
8237,965.7145
20642,399.17856
4161,426.16992
2498,2094.348
5484,2237.5342
19853,471.83838
4041,3501.6394
17344,580.65375
19231,1004.7209
19467,375.39133
5516,405.5008
13289,478.60635
9141,319.3302
2611,307.25323
2183,712.7196
6160,474.67676
11275,378.44724
8391,460.38242
9674,324.4334
6312,688.54016
20498,361.2274
12052,958.26166
1514,464.76508
19613,427.07855
5771,250.0505
10651,698.97345
7017,337.2577
19718,623.19867
13168,2356.3914
4171,714.4628
19939,345.54715
12835,392.78918
4816,2321.7554
19388,1613.502
13006,522.6324
18489,1126.3441
18136,1072.7529
7486,273.96964
1546,426.5655
13702,312.17343
498,517.06573
3302,551.82416
14581,1027.747
14763,523.0619
19076,1613.502
17107,501.51132
8898,516.6294
10033,799.8576
11615,1148.3665
15488,347.18988
11359,538.0908
1618,375.96887
5646,562.3368
3228,435.81802
16996,492.59067
2578,283.80212
12777,463.20804
1746,440.74957
7550,471.1284
16545,494.71188
12420,373.27533
10053,314.31802
17427,443.3482
8462,267.3799
1534,408.56607
3354,429.45523
9972,363.3604
1247,399.5068
18453,447.3983
8319,486.31213
8901,414.52786
14614,424.186
13927,372.8848
14920,1802.02
4480,1052.0862
2743,546.80896
9111,448.17172
8900,537.62103
6445,540.32275
9717,1129.3223
7955,314.39783
5456,731.4416
6731,331.24368
20450,253.44307
875,236.81625
5055,1549.562
8393,398.4078
8508,2457.061
13925,364.79138
19826,313.92926
11840,463.9938
18609,274.04346
16738,360.7221
1079,876.7764
12476,1209.3491
10710,590.0555
11730,462.07104
12604,718.174
11109,363.0936
9477,673.8679
5608,321.01163
16912,419.1715
11945,388.59128
15566,604.4135
7532,2799.4463
6831,456.17343
18149,284.36078
84,279.6003
17145,410.7864
8513,389.66736
1067,473.02502
17302,406.58508
15420,469.3271
7785,3564.143
1814,295.64252
14712,188.0243
6707,389.37048
20250,498.52466
11303,579.13916
19223,316.73807
10413,550.8425
10753,484.67615
8622,265.80276
4182,493.86673
6550,493.0893
13386,414.4245
20942,299.5214
810,583.9195
12146,418.9057
17679,448.39215
8590,295.84662
7716,262.9253
20336,298.8957
12456,603.92957
11757,497.7837
6076,475.47095
4990,405.02197
2503,389.2534
7700,1205.9684
15369,1632.0724
12707,2378.3447
11071,427.3372
8431,297.764
20858,1930.0559
4351,331.16144
11701,880.9273
10454,393.28125
17535,595.07153
13490,1960.8346
488,469.64542
8610,409.7733
12201,505.28806
8537,404.55505
5640,586.1926
17262,470.97052
16326,391.3452
17199,263.33252
3671,867.81934
11987,464.5724
10613,437.50537
2949,290.9948
1512,473.02502
15896,748.2918
5384,451.77298
2067,315.95944
9785,431.8347
19057,471.21094
13412,438.6891
4585,492.2361
9872,264.56085
2273,483.81006
20099,724.8115
13224,315.55484
5935,1016.2229
2033,646.93646
913,843.4266
15388,521.7915
14322,311.49585
14769,2069.1113
75,607.76245
4494,457.39224
9611,443.83142
19449,473.32983
3048,393.48187
10970,303.11435
19879,690.6056
11813,534.2831
9829,611.4775
9282,347.60275
15090,710.6823
16509,355.82275
18979,2055.0515
19553,2029.6765
1061,864.19745
10367,182.6305
8758,2346.303
522,536.24286
2686,363.70438
6760,881.83405
2195,711.9859
14396,714.94165
7406,1005.3871
2666,498.99857
14159,507.36533
12529,267.59473
2010,446.66693
3793,1404.7345
16270,767.4988
10620,882.4855
9848,421.87396
20150,516.2042
12907,1485.6233
17794,413.337
4331,2351.896
9210,583.4941
19135,404.9907
17319,482.5401
2682,447.27258
10141,1029.5447
19281,234.84253
1836,309.74207
15536,281.28094
6777,560.231
19150,472.54065
9563,282.1623
1809,357.6745
12261,503.92426
9213,301.1191
3009,378.24625
2867,1155.9762
50,2059.1387
2728,261.33054
3452,411.46298
1777,338.76636
12754,654.2258
4181,714.4628
18206,502.2809
17227,501.41022
7204,890.19855
8001,291.54968
678,2699.8489
5677,309.25983
1200,409.63785
7956,553.5702
8538,419.19238
10087,884.18317
8004,665.72815
7445,596.0291
2288,434.95767
14516,407.0294
12755,849.42377
11082,472.96503
2481,292.73495
14510,403.84525
20240,445.51102
19868,402.137
13424,385.49277
20764,454.86377
11415,1005.5165
4982,431.4094
5593,620.8543
20783,299.35214
19232,507.4627
6721,891.53485
19503,735.6259
9001,244.90308
9217,296.0138
3760,519.93665
8945,478.6304
7086,351.57245
8954,625.6092
4785,442.1985
1517,544.4515
3100,640.70056
13473,763.85504
5826,1485.6233
11368,438.09457
1971,433.58267
1884,547.4103
14673,298.395
1119,574.6827
17721,454.91696
6210,592.2345
6847,480.12726
11123,365.65634
6409,438.20786
9054,398.17493
16101,263.7939
14288,330.68878
11741,584.02014
4100,1029.5447
19013,272.99945
1878,679.38043
3496,320.87463
5801,665.2328
4279,461.69348
18680,1253.6049
14742,555.9985
6276,591.62463
13345,408.8667
12264,1317.1122
9266,833.87366
13897,545.8254
15487,287.57846
16831,609.996
978,420.1489
11976,491.1936
19176,441.8979
17220,604.4135
4481,312.18924
4317,575.4804
9881,439.29886
12668,565.62836
13498,449.63535
2236,409.0932
18155,413.9721
18792,833.87366
16960,480.02676
8967,409.2524
14611,754.46875
11254,288.74512
11500,456.17343
14376,1110.1045
10116,1269.2607
5639,612.3625
15454,391.61966
17967,540.97186
11244,478.71368
19541,259.77542
6442,688.54016
20295,611.4905
3350,649.37
3799,411.9434
18074,2570.276
6466,438.6891
16324,1896.825
16054,348.46756
7601,336.12122
10152,3800.5117
12063,237.55678
12243,423.78265
15080,459.64813
18479,411.2813
2520,625.4652
15585,887.86523
1642,308.03006
20374,454.60385
10580,2277.1213
811,1636.8732
13638,561.493
16410,450.71704
14341,417.74307
3193,508.11475
6506,1824.0848
8029,502.2731
8955,513.4823
20504,609.27905
17084,2124.512
16649,2562.0054
15772,470.51474
11702,479.86688
2729,797.5045
17946,456.02322
12078,248.03699
4950,343.33792
11644,328.8601
7313,397.20312
10026,1055.4259
17160,270.5841
15214,312.98367
13341,344.88065
9557,898.08154
6908,448.17172
8691,443.09937
3684,591.8035
9981,400.99384
7655,556.60016
7980,375.01044
8626,257.9059
10450,1607.3877
15576,2915.8591
18989,486.148
9697,583.7616
3327,588.1237
15231,182.6305
4798,928.20496
8450,438.19455
15687,407.59177
2100,675.9319
5239,681.3651
3398,413.2359
10134,276.90668
14263,411.87616
12829,335.73068
2381,2650.5369
17093,459.0945
10987,376.47305
15892,343.26865
4834,834.44507
1928,538.28796
18141,464.07172
15093,463.67917
8643,507.00992
12453,760.2893
13330,712.4278
4048,1372.8248
16720,520.96075
18341,1780.5721
9363,596.0291
7459,441.29062
865,494.37442
4921,323.68277
18803,560.8882
8283,411.51294
11393,398.47986
15723,471.58618
7018,474.67676
20411,523.7999
18490,557.71356
17003,266.11844
13698,556.7776
15255,389.9394
2907,363.89444
11778,491.13684
1577,277.70453
13074,1152.4736
14883,405.5008
6222,308.4446
13128,499.65842
2434,302.66925
85,422.24628
12193,206.71628
12417,501.77634
8304,827.84564
18877,280.625
1579,386.31946
1623,1845.1843
7500,379.70184
12335,1129.3223
867,358.7041
16759,910.06165
10453,381.43658
14969,592.7005
55,331.27826
8305,683.2958
12594,2629.242
17429,349.27512
7282,301.1146
4,459.01877
9318,4361.9414
1970,469.3455
12770,722.5262
20697,502.6
19811,508.3992
10115,2272.0986
8230,261.33054
2064,374.40985
4234,2181.482
10903,507.916
13255,2429.323
1696,451.4206
18443,476.23898
15636,347.8969
15436,1146.5045
2806,2237.5342
1544,1070.9031
1071,292.63605
17066,434.9443
5760,433.48798
12957,469.31467
18103,764.67554
2573,593.6317
276,438.89056
8718,445.46664
1235,569.087
1206,312.51736
8855,611.4905
5446,393.39444
6937,457.85138
5849,2962.1868
9060,438.20786
14591,456.17343
4417,493.11023
4135,263.38123
2959,2180.5725
17783,1348.7112
18242,567.4936
8595,298.85626
19797,2526.924
32,1644.7786
15869,435.88846
15471,461.53595
11353,483.8057
15720,1768.9407
7172,396.99393
1212,472.12653
18317,1430.9199
6481,327.6531
6437,303.98004
16909,446.3015
5921,963.0482
17198,598.0427
7960,465.6388
4370,396.11545
6147,457.08957
5978,673.216
6403,223.65367
16766,426.16992
3511,650.29565
11222,672.225
18514,382.78198
18655,328.9907
6257,3683.5857
19983,505.00543
12207,367.7558
8564,439.97427
5713,2061.0547
17293,452.4683
9736,569.36096
16401,201.89442
17974,406.80115
19274,342.7662
3742,472.84607
14265,1276.1678
10895,487.627
11161,512.91736
10570,514.7724
2165,449.39975
11418,307.32907
11485,543.60925
15525,397.575
4142,452.28192
872,2809.5918
15963,281.52203
9078,399.84558
13715,405.638
17962,293.99786
12210,502.63367
3906,523.05975
12171,466.78418
10385,390.81842
7473,390.99115
11325,325.35782
1236,3390.108
4288,468.7884
3299,491.63556
20741,511.84402
1366,498.28552
13979,411.64035
16959,698.97345
407,831.0825
16667,2041.9932
3405,1005.5165
942,238.95947
19330,514.51337
6765,980.7548
4627,310.70255
11516,863.42523
10245,504.5708
18883,526.89185
7693,361.86035
12274,1251.5126
16426,2444.0376
2392,1064.1891
8332,592.7005
3648,698.97345
7614,326.64822
15310,325.0353
7731,458.25604
12255,665.10046
11553,478.17404
9426,778.96857
3364,246.87614
16341,1887.224
11994,556.53143
1211,458.7747
19586,527.17413
5230,493.81482
16932,372.51147
3426,593.9267
19068,439.03284
20309,458.6281
15921,288.747
5934,1338.868
16931,446.25528
7197,402.92697
10081,442.8067
15625,1140.1721
17799,3209.364
4064,232.98758
3495,205.95273
3984,586.4544
4530,1257.1869
6531,479.13223
7736,706.90784
14959,389.09366
10151,457.67728
11423,348.97357
14204,498.08096
18574,2664.011
10055,608.7529
7169,418.3288
3456,432.35977
132,1158.0228
14661,243.46687
10474,292.73495
18873,635.6082
12287,451.75513
16342,354.6849
3913,437.83765
6377,402.53003
14857,378.75107
16593,1452.6495
18772,341.8315
19268,443.84262
2118,347.18988
16470,2193.5032
4832,369.29404
20174,445.53885
13963,463.83566
10275,417.49414
12653,473.30832
10132,276.07156
14223,1545.3242
13163,532.5133
3425,381.38867
12748,665.5858
10646,288.70267
78,535.6927
6319,490.54013
10683,573.1692
2387,2152.492
16068,2493.521
14828,477.9583
3556,406.46738
19764,1319.3447
6238,1111.4655
7006,374.37433
9019,275.02072
2080,453.72546
2027,232.18768
2558,320.31287
16894,519.60095
15277,444.43033
734,479.10516
18062,572.52795
2647,569.48303
3486,445.46695
13238,413.9721
14561,646.8844
11238,382.9167
12284,513.3612
10173,405.38052
2589,445.93787
603,3000.8354
16141,270.82178
15251,1003.8414
13038,387.15958
4701,456.17343
10409,460.1906
17522,729.8206
18511,416.42273
6701,410.64688
7976,1244.6034
1532,1611.8707
11679,328.4885
8906,637.45654
5115,410.64688
6714,790.74255
926,689.37836
12892,365.7968
9882,224.43053
2680,589.6129
17369,925.84546
14987,458.56668
17378,474.84113
6065,493.203
8420,378.20724
9837,547.96924
1987,416.90982
8921,399.8946
17873,489.86102
6064,565.62836
9960,465.16724
5678,401.15454
20775,2145.428
11212,439.34012
16787,275.3181
16752,468.5055
12779,439.97427
3735,439.3595
16479,560.2549
197,630.47845
179,383.09912
5402,307.83572
15264,485.63318
9859,236.41304
7627,420.21793
15141,516.6082
14720,567.0053
13239,475.57446
10838,467.76276
7100,501.77634
4342,609.0287
12290,3013.055
16336,406.87482
13379,333.16162
7392,1489.7097
3049,329.99976
1896,464.95844
12495,517.3726
2314,502.9755
4877,453.52676
15669,627.3902
5571,429.66104
5206,430.65076
10046,502.2809
18599,422.73166
16873,301.284
6661,410.3847
13047,484.23444
17964,429.22583
3173,466.9502
1327,519.76697
20088,354.73074
2969,413.89938
4493,2083.9358
6825,459.86087
11233,527.80945
6793,457.37088
9083,477.52304
468,383.48273
5121,421.3764
1726,449.41287
12595,2184.5044
17935,556.2961
5430,310.73288
7683,228.07826
5730,516.6353
20888,432.36847
20352,571.3052
8397,1821.6371
19256,319.46774
9440,1366.5912
6964,2482.7234
17426,429.20483
12674,655.696
8958,310.15845
8151,410.3752
633,2106.8252
11357,446.23444
2511,582.62994
18658,1121.8958
4046,778.6044
11414,267.6949
8187,535.1186
15236,517.15564
18220,813.39056
18804,2550.4226
2824,1553.698
13689,264.08047
12810,367.09146
15197,1707.0173
11379,473.61572
5983,539.62024
7630,292.68323
7585,708.0151
3855,290.13065
20132,628.7081
6633,408.09317
3836,440.87506
11748,378.44724
18097,431.8347
2023,886.50726
10510,2363.7744
7981,416.98773
5569,550.6856
3273,535.1486
14693,532.6854
3178,456.5531
8278,597.12445
94,511.65198
13811,438.2329
8926,472.51376
20212,399.84558
16955,480.53204
9938,408.4899
9902,593.70905
5362,1253.6049
2822,419.98724
5296,384.6046
2478,442.64087
7367,440.2171
20886,2248.893
9046,554.6662
3897,282.8886
18967,291.54968
2202,1130.8859
16811,3516.593
11474,383.21262
18478,1145.9819
13981,553.19147
1358,722.5262
15007,476.01102
7437,315.64
13374,384.9634
4977,481.03204
17599,1605.9742
8344,434.9443
13789,804.0479
10164,486.53522
16791,497.9632
5785,514.5268
5622,253.08122
7504,266.87103
14011,1442.9583
15408,496.82236
13284,450.2139
11204,449.3212
19418,458.46594
1410,560.1437
10401,374.58817
10750,465.67154
13001,446.51755
2518,347.68814
10816,314.78262
13650,2300.2363
5461,333.16162
8399,479.57153
20229,647.2165
15228,453.6034
2655,369.91733
20425,583.9908
8698,411.10187
3211,1535.983
2231,450.37622
15639,763.98047
2612,477.0867
3421,447.00748
16934,326.15244
4454,515.14044
1392,407.4222
2988,619.2863
10008,283.59164
4974,823.11957
15379,393.37784
10107,3612.5146
13745,321.5882
8070,1932.843
2780,337.24783
5568,401.014
3778,685.7617
3817,502.3427
12471,264.60413
6865,1126.9285
1558,428.61816
4375,437.69647
20707,555.1537
15492,297.73407
12189,1692.621
4473,2482.7234
5969,387.72418
6898,458.7747
12364,502.2809
5615,497.49667
4623,428.3145
6756,440.4156
4418,487.4184
2184,2427.9006
9208,415.6431
7010,571.6903
15477,478.91934
10734,745.72644
16493,313.555
7454,526.66565
7816,3467.465
17458,553.59326
5627,375.15778
2030,407.7871
1656,2002.4034
10885,311.00217
1160,424.7011
19741,493.5143
1490,613.84033
1768,342.36194
10344,392.78918
14354,531.17377
20517,654.2483
2793,279.44464
12033,515.6547
1286,272.1973
15861,468.35403
17734,518.49786
10282,286.95822
14369,625.3796
3834,833.87366
11493,517.26245
14365,518.41956
1281,557.1571
6786,478.58856
387,485.5677
18573,379.88675
8042,493.49188
7039,4221.5303
1215,430.20526
5479,914.56915
12270,435.39255
17305,465.8969
12225,1209.2523
19456,2524.1235
9551,224.08382
18013,264.2496
1004,251.63101
1081,363.89444
5889,260.87598
18811,483.8428
17996,3612.5146
17856,499.75995
3261,859.1811
5345,502.62888
4043,464.95615
10353,1454.5093
18273,1551.6167
12522,291.54968
10480,354.01862
3078,383.5312
16536,607.3808
17684,454.6583
17558,514.347
15254,477.75015
20208,339.4183
2941,452.16998
17047,1089.4583
6249,395.5516
16707,628.4394
7358,380.3387
5909,1360.9049
5612,316.71667
7957,497.9632
6328,825.29663
3192,414.30893
9261,721.6628
8530,289.4025
14102,641.05096
7016,1081.2058
11253,276.5929
13807,265.4007
580,677.6424
14548,485.3741
325,400.21866
17871,208.75797
20657,321.83856
3293,420.28052
11245,623.23724
18663,303.59164
4944,577.3384
3895,519.7531
20633,451.9315
471,573.5518
5549,489.86102
8271,475.4107
19895,313.68698
7669,530.3866
14785,497.7837
8861,1286.373
19445,261.33054
13862,1128.0731
19629,438.09457
9226,473.02502
10481,309.04367
8141,680.2275
19252,607.2331
2499,497.90384
11881,409.03198
8155,560.641
1522,298.8957
15261,504.98788
17886,385.3786
10935,693.3886
15230,427.84122
16164,496.18726
18099,361.86035
16619,288.52994
19694,706.8764
5290,418.9057
14700,1655.1521
10698,425.97092
17908,450.37622
15908,423.24655
10193,672.4316
9911,1852.9634
1208,637.742
16818,2356.3652
9707,445.66937
20930,1217.6833
1767,526.4945
52,829.3401
3562,236.41304
14695,417.75928
7666,391.80658
12635,565.9518
3341,263.38123
10844,444.82574
17089,1674.9237
10775,324.24042
19427,1826.4011
18585,2587.278
13400,421.28125
16860,315.14325
17469,714.4628
11262,419.6197
14236,502.2809
3276,413.9885
16588,269.26828
20221,497.49667
20552,484.61926
4294,596.0291
6471,411.64035
9185,282.6118
4803,1757.5885
4233,419.14722
4003,419.41586
16498,443.2698
16650,378.57416
16202,665.10046
10261,493.7079
16366,330.3318
13084,395.32483
13568,277.34882
11969,4653.206
18582,424.6405
14275,348.07797
10617,806.67035
20529,271.02515
20304,2073.2747
14941,672.91705
6613,833.87366
8221,417.9031
13344,346.90186
11503,436.43774
14310,378.89517
12874,261.33054
1185,382.02112
2749,1422.2625
2652,428.01984
13717,462.0918
12891,387.8426
14391,378.44724
10269,552.7248
20541,923.341
13258,327.17886
19112,382.65616
6713,2349.8315
20051,431.98392
10452,501.46164
3837,404.35736
2606,427.2024
1085,450.254
10426,344.68207
20314,803.48083
1680,3139.841
9178,344.8274
18974,295.94394
8787,332.36905
10360,438.09457
10372,589.76196
11338,1634.4412
16252,672.91705
17180,258.453
627,593.40173
1766,589.9178
10584,2110.2039
14402,461.40845
2440,520.3493
5925,399.84558
3680,279.4206
1614,599.6258
20469,422.15317
10567,557.75696
4403,562.511
16350,275.49756
2035,422.82767
11290,3390.108
4192,442.6509
5738,2057.6096
4167,238.07315
9771,2527.5193
11347,422.7668
17389,712.5613
14192,388.61572
2122,462.93588
11612,5450.6177
17598,725.6581
19912,916.5599
11531,458.7747
14112,606.2624
19778,540.6003
15423,394.63586
18523,596.0291
4139,418.9057
9280,334.22247
10300,339.10846
19054,3459.2615
3294,712.5396
10690,414.31284
2024,715.1872
1082,429.08618
14278,353.6008
11859,309.04367
9480,2427.9006
13446,608.4555
5093,372.10513
20452,485.3655
19310,528.8162
993,454.91733
7852,493.03293
12814,293.7837
6358,466.9502
6643,559.97894
2460,326.64822
7210,511.65002
19072,1779.0262
12926,288.62057
15587,284.51288
20619,339.2146
18377,274.52725
11028,967.01105
13901,1142.0116
17503,760.4998
16262,475.48773
3854,545.8254
13863,499.14337
3263,457.10342
1870,925.502
15703,1157.1605
16681,392.12943
13263,458.4497
12064,423.8873
499,363.9057
10111,407.7322
14292,290.1739
15893,290.12457
14741,1472.3856
3419,330.68878
15084,2750.8079
17511,1804.285
11451,478.9217
18789,364.1725
14972,391.00137
8047,383.3382
9909,784.7746
9064,281.49017
12083,424.11835
8870,647.64417
16469,367.02002
18730,452.89102
8280,521.8015
128,433.92914
3636,575.60657
6832,1495.9016
390,358.87048
15366,375.78595
16383,357.4812
6815,182.6305
6850,412.215
20162,358.9506
15030,402.58987
13318,476.31378
13950,488.47864
14709,1629.3597
14749,418.4945
16987,363.4692
10382,489.86102
11552,638.3131
16936,299.55933
10839,264.1714
5483,599.5042
1115,300.5336
9107,365.57455
14732,590.0555
5667,263.47
3409,514.80286
7576,259.77542
14938,1360.0677
19243,271.38303
8521,236.3947
19790,1489.7097
16392,476.01886
13441,401.7584
5018,339.0096
20878,439.37894
15848,360.28024
12896,470.46808
19607,435.8406
18303,1551.9677
9156,511.71613
19019,502.2809
7906,484.5398
14988,445.5897
15866,409.0672
1597,255.6506
12299,619.8299
5179,763.8056
5186,520.2182
996,451.29266
393,401.29724
9539,324.90668
8869,412.215
12830,436.43774
17781,208.75797
19020,184.9501
4703,334.12305
12619,445.46664
11527,373.20584
20303,429.63235
10327,504.77945
17498,600.42206
4023,473.30832
18820,452.87704
9725,477.0867
4146,436.67374
17213,754.46875
15438,493.86673
16812,502.7256
10878,2177.275
14219,1258.0415
2304,453.0337
12684,2052.19
12613,312.52286
17329,716.044
4612,485.88733
9015,684.9559
4208,359.4398
2415,309.93442
7130,364.39114
20382,1205.9684
8251,865.20337
19043,407.19174
5298,338.83002
17076,547.7305
414,347.82065
6627,550.00006
18398,520.835
14703,253.0109
7549,1019.2697
10350,391.7667
20009,376.00214
4622,784.8805
19271,1221.4009
19567,1946.7494
4251,349.52695
2610,482.38654
8274,1421.9414
20937,469.67383
2782,2164.5088
17126,693.74207
3062,299.90125
17028,445.49594
14976,486.148
15005,1540.055
20940,2103.8691
19320,303.19498
2869,3236.0947
9264,543.74695
12065,376.5999
20042,350.11838
3291,428.00275
6965,306.20123
2446,937.46674
20000,1540.055
9770,529.0716
12662,478.24832
13188,464.04022
10637,497.282
10009,453.4762
9892,302.03793
98,467.8957
5886,329.43854
18623,573.1692
20729,273.7267
9961,521.729
3246,257.86914
368,278.81104
20011,2429.323
20777,2126.2
7678,2518.318
14412,726.6641
19820,902.11884
3427,424.71066
16596,467.79
1457,567.8527
20128,467.45435
17546,419.19238
14532,470.4311
12440,254.0927
8386,398.5151
20214,437.45905
3567,954.1228
356,684.4107
8519,760.4998
15327,591.1952
7787,2233.6682
8364,1360.9049
18217,264.2496
13442,341.18918
4850,493.49188
9690,463.67917
9403,427.41138
9248,1296.6488
15374,332.36905
1606,248.33163
5024,436.67374
1793,464.78424
1585,487.61877
15685,489.0192
15414,406.1834
3553,454.93643
3720,400.9612
15880,284.37024
8771,314.8034
15998,445.1037
3279,275.3181
1304,404.47363
11436,331.43558
16916,275.02072
17282,404.8992
13667,1721.626
16296,296.82077
14895,417.21094
20478,831.7392
11318,555.6617
10464,418.9057
6858,417.90338
17850,828.0742
18740,778.96857
8165,335.0031
10232,411.16574
10169,572.10474
15867,1896.825
3219,640.9695
3074,721.2707
16603,232.87927
15987,1499.1282
16329,456.66452
4267,2177.275
17418,454.16025
12582,539.0862
19839,304.61475
20563,997.2286
2695,695.1533
11659,1801.795
20328,579.633
18701,346.89764
19064,674.4925
1028,637.312
11871,417.7912
19082,1128.0731
8347,464.04022
8056,244.29926
11187,712.4278
2501,579.63525
12692,435.21893
18256,368.07263
4186,364.21655
2464,763.8056
8963,3324.6501
5071,321.78854
7235,184.9501
14834,349.18155
4907,271.38303
5841,496.92136
18316,296.91925
15385,315.91785
15318,629.763
8404,324.61365
1646,448.17172
6619,291.27985
11463,488.47864
2887,769.7328
17281,2952.1814
11320,1721.626
3079,1221.4009
11521,307.09296
16542,1915.1906
2984,578.16425
19655,3463.6277
8082,420.33978
2911,182.6305
709,386.80154
7521,264.30713
18957,851.7063
11200,1896.825
5515,803.2148
2839,933.271
3594,589.4093
1311,595.51843
6132,289.01303
11090,1239.024
230,493.55933
8355,2654.4258
16072,327.6531
2038,497.5982
17236,506.82254
4416,1494.4519
20611,729.5974
730,348.95035
19421,261.67715
3652,547.96924
20348,448.5128
10039,2169.702
9395,360.7221
11584,605.4943
7616,643.5129
9704,1499.1868
18568,463.9938
19549,473.30832
19229,471.58618
3428,420.304
20449,387.17245
16137,775.2335
4690,767.196
13899,1188.2212
8369,370.02414
17260,506.9408
20539,350.07516
1201,2054.9314
15654,1791.3418
10609,470.75833
8339,570.5931
3515,5379.416
110,311.9706
20925,503.0943
9926,298.88083
10351,501.77634
20255,464.04022
11908,559.2432
15038,1039.2461
8868,1761.9728
8268,3511.9412
13061,631.6687
4835,1410.1782
3928,1760.977
8522,466.265
14403,365.28683
3143,417.26303
14743,270.5841
1923,471.1284
7285,548.1248
9806,254.6863
6237,385.2199
16539,1782.4369
10574,3244.7405
4605,430.20697
12459,462.17657
10377,2795.482
11995,511.33905
15378,1258.0415
12844,294.43207
5918,473.30832
20560,364.79138
4254,1029.5447
6304,997.2286
2811,537.20404
483,1966.096
9081,271.158
7338,2177.275
12034,418.9057
7005,411.87616
3473,519.5432
16525,347.18988
12726,660.84503
11278,428.97864
8657,885.30115
6845,3410.2192
8978,337.12918
16059,468.21793
8412,652.0111
6287,248.30461
18706,264.08047
3402,670.5941
8106,417.75928
8499,934.45734
3765,420.15375
8994,713.88293
19261,829.9595
5172,286.08514
11032,1232.4758
1909,554.6576
15891,1549.5276
8510,282.4801
19609,328.6903
19904,469.9647
13264,472.84363
9576,462.17657
4321,539.9251
8524,509.72217
15779,586.1926
8145,360.2085
15990,2229.1846
6143,459.0037
3152,421.0665
14708,1054.0361
6438,409.63785
6125,611.34924
17217,419.14722
18958,296.91925
4868,409.63785
4706,599.5042
10420,562.35364
2343,474.2955
5722,735.1507
18930,977.5282
8144,462.36847
10123,260.87598
12263,423.57477
3856,676.7694
6101,445.33783
7165,316.85583
20136,567.8527
18397,1567.8943
17955,535.1486
13617,498.99857
4905,703.86536
20275,362.36707
13610,284.36078
4426,467.64178
16210,1111.8453
6097,860.2409
9803,452.92004
19062,509.30368
4227,903.8686
4187,802.17883
11593,208.75797
10629,2047.9855
3142,465.557
17531,583.6599
8858,786.5203
11845,288.62057
1147,588.54767
18646,413.87686
6089,1214.117
4566,375.703
11677,480.24716
533,615.88
4065,407.84622
17360,299.99472
5555,399.14862
12715,335.46243
8780,411.28653
17639,478.67624
20440,586.634
7626,767.4988
3968,1824.611
1519,596.74786
18997,538.28796
16673,244.46031
6708,304.90396
16178,499.65842
14714,263.4392
3644,509.70477
11841,466.19366
4614,295.89746
17316,457.74338
19474,504.77945
6930,356.68723
3268,514.6569
10857,351.63525
550,597.3967
16287,2178.9338
15224,2195.036
18252,461.53595
3654,1435.4653
6492,337.078
13266,251.26202
10777,448.28333
15745,267.59848
1029,598.60443
19866,338.21762
4120,445.19345
7225,402.49106
17485,1939.2042
16622,833.3056
934,556.1585
4093,517.0167
9278,339.89288
15567,526.8845
894,1356.3815
1734,593.9267
16782,840.6363
6710,471.21094
10988,295.9263
12762,478.24832
5949,409.23135
12426,274.26382
17594,374.64304
5177,486.22766
6288,497.5289
17929,382.72662
1241,394.54767
20044,332.64307
13426,588.54767
5286,523.2001
688,59.871582
20802,439.0684
6181,479.86688
16374,538.3612
15556,2081.172
16533,427.0626
16827,895.9428
138,1912.4171
11471,288.52994
10109,479.86688
13227,432.35977
5327,275.45422
16024,820.6664
6514,399.84558
5539,1698.4908
13628,284.678
7040,365.7968
1381,464.95615
18940,487.4184
2379,400.7444
7844,984.417
25,598.6203
9339,760.0272
10477,3304.1812
6482,852.3676
6730,378.44724
8864,319.46774
5789,282.40485
2427,451.68158
18570,545.0662
16684,493.9054
19465,294.65628
10502,336.3691
8989,474.4511
19989,1540.055
12876,240.2771
1789,1721.3134
11763,1040.6853
10821,266.65512
8158,506.6196
1264,434.07477
676,1239.2942
19278,459.64813
277,429.90897
18352,1601.269
9112,454.06973
6647,278.03748
4692,548.1248
12038,397.44327
10863,506.5669
9139,1149.0791
5823,443.12228
2531,347.18988
9421,480.5719
14083,625.4652
3801,1092.121
13685,1050.7069
12631,435.56842
12501,553.93463
303,472.06586
3618,450.69983
14316,397.40598
12028,291.1324
5475,411.88483
13669,523.1605
13662,585.1424
18467,415.6794
2535,461.27744
3044,2427.3027
7888,330.68878
12790,440.87506
19107,1620.1362
5647,2316.4949
9980,587.6913
20787,2476.142
18085,1228.8041
20216,353.29465
760,492.96494
10097,544.7519
5080,293.78387
19299,455.956
17960,291.69238
6909,2377.2944
20805,307.61975
9132,385.3043
7780,380.89673
7438,433.73416
3122,385.00955
12295,275.45422
9687,2271.56
16510,514.1052
9126,975.39923
11406,759.69165
14609,609.996
8882,304.90396
19588,268.6096
2308,378.44724
7493,347.42078
8779,2664.011
16142,1074.2202
11673,291.54968
13414,520.1725
1342,258.01483
14658,360.84424
1323,325.6627
4219,538.95447
7299,491.09198
1073,396.78793
17464,875.92194
9918,379.66183
10847,553.0184
2641,2570.276
9606,567.1903
16423,437.64224
7670,636.6346
16026,438.3207
12894,245.5609
4012,763.85504
18338,583.2932
4264,492.43948
2490,303.11435
3757,1887.224
11705,2312.1494
11483,342.7662
8872,559.0151
10419,1083.4927
1617,540.9019
10792,2073.2747
3947,3053.7634
2775,428.0729
2966,346.90186
12409,456.64435
14207,428.61816
13478,213.87428
16464,376.2488
15659,523.848
566,645.7762
6587,598.2523
4563,383.4702
14501,299.62766
18760,1988.5227
10234,1607.348
15162,2332.641
20923,1221.4009
10886,451.77298
18910,672.12866
5763,466.27628
8287,882.4855
8765,636.3067
374,413.04007
2208,343.26865
12166,2491.028
18791,1475.1227
11135,1077.589
13500,248.41394
12700,1072.089
3967,403.61374
18638,307.01593
4691,365.57455
1621,1824.611
8550,560.87134
1373,392.78918
19270,579.5765
3683,368.0812
20604,475.28333
12477,406.52234
2912,285.36154
4411,519.08435
11309,506.5669
2471,803.30597
5203,519.5362
8573,458.38876
7795,1722.4199
11507,286.58536
1985,549.47034
15296,512.44147
14686,410.64688
9713,260.87598
3918,576.64075
18240,536.38776
4681,348.46756
2563,493.99954
13770,505.75717
17336,520.41815
19340,426.3618
3732,523.6087
2564,479.60168
12661,321.3015
12416,555.30133
4057,403.2641
4983,386.65155
18729,274.26382
1065,802.15344
7613,291.94693
9047,379.95798
3157,712.5613
9847,430.9139
5063,2182.2048
8396,403.73135
4018,234.84253
8799,302.58286
11631,1729.6078
18593,590.6697
16722,2690.4688
19393,441.10275
12188,504.86615
19423,658.87714
19327,508.3252
3437,414.96042
12852,410.64688
14488,433.81995
19725,243.1252
12565,272.99945
11369,712.4278
2814,299.65936
10688,388.632
9215,1194.939
19410,577.2165
4102,430.4797
17444,453.9148
246,538.7518
19164,509.30692
1782,2272.0967
2926,482.53915
11365,432.46902
16018,430.76196
7249,707.6285
1683,878.1212
20067,328.6903
11236,2422.7417
15763,3363.6868
13085,677.8582
1124,516.4367
8334,468.4248
14808,386.2061
6817,440.13513
11797,461.40945
13683,306.7216
11852,490.6755
15150,308.95352
700,475.33408
15778,347.37384
13452,314.31802
11641,693.3886
17493,441.10275
7873,654.2258
17602,2613.3704
6327,888.58923
12629,495.34543
2629,511.46353
6214,448.4592
19674,269.78717
403,219.37495
6427,261.98758
3569,412.1476
6025,1073.472
7640,275.45422
12320,701.23676
18999,477.45804
15499,1601.269
2620,403.6126
5939,1954.8934
18426,381.43658
10537,401.87653
8006,754.46875
7758,553.7647
19739,466.46387
940,240.82074
13587,946.18353
8502,437.3506
6742,568.32544
2919,2469.6013
10658,505.63278
5189,407.7871
17215,1360.0677
18274,2304.8284
18832,330.95306
10227,365.57455
6984,319.92285
5265,602.9336
10697,509.03952
10633,399.49368
13560,462.30228
952,415.68716
4807,410.3752
7275,465.35272
14903,563.9355
1398,691.992
20364,1002.9857
9939,444.59073
20397,403.41702
4960,663.51355
2852,457.69305
10071,966.46265
15094,494.58765
1744,380.19992
5881,182.86801
18326,248.5578
17662,410.8596
19634,2325.2773
9088,1149.1727
14810,433.11786
8188,503.78427
13676,465.05234
2840,2124.512
2210,348.44916
20444,922.7198
18857,426.3618
4561,292.31134
20521,596.17975
15694,414.127
8615,735.6259
2170,236.41304
19395,2275.775
10118,507.00992
11623,417.2478
11662,484.31204
12196,429.02792
7749,472.20248
16109,256.8655
15715,494.82523
11640,313.6688
10755,820.37384
7779,291.5114
19743,1317.1122
639,399.2396
8376,487.03284
3288,602.6799
18022,302.82294
9944,589.85077
5142,515.2155
16668,439.00616
8905,414.16812
12148,390.5778
9087,598.8749
20402,490.2687
7153,386.31946
17987,526.65
9587,505.28806
16195,759.48175
11127,719.48157
16025,531.2313
71,565.17267
17805,527.7231
19460,426.64847
9912,486.10522
5361,525.15894
17447,2444.0376
11716,330.8702
1818,562.39655
12199,330.27072
19744,638.4763
5372,303.38858
15655,1212.6182
1485,430.4797
4076,984.417
14860,523.74634
7943,540.2642
13565,384.88284
9231,314.29492
4412,436.51987
13671,415.59604
8923,390.28058
8190,290.2062
4247,2330.8884
11202,543.8748
3321,742.6206
1894,272.5832
18497,413.24826
2624,413.79715
4482,332.2913
3872,560.641
15157,1740.7296
2850,511.45096
20816,440.33435
7468,538.536
20096,409.0457
8899,244.46031
7706,473.94717
4857,881.83405
3674,418.9057
13601,487.82373
10995,512.9349
16507,672.225
15184,350.85834
15910,485.48938
14943,1297.0525
3258,487.856
8843,1439.6719
7913,1498.1505
13275,470.53693
8557,201.89442
268,436.47827
8026,493.5143
18762,539.4027
12520,385.19757
13820,302.82294
6513,526.4945
18000,525.6408
4001,368.18652
8414,352.2029
2849,2336.0413
17779,435.1636
8916,797.7885
13658,535.1922
6785,354.96198
20799,778.96857
12571,306.81992
20207,332.9867
17539,407.84622
17914,276.93427
5083,419.50674
4912,396.81985
10384,279.00522
15834,582.9027
12395,346.62753
2043,467.0939
11429,393.34454
4640,617.0276
2766,278.04968
12922,969.7205
1244,579.13916
8400,476.25565
10101,1169.3258
9279,385.17773
14590,448.70764
7013,396.70248
17728,479.1053
9069,418.57877
2354,2087.431
9708,2045.3518
6544,421.41293
2752,203.20412
13675,384.6046
15078,421.74066
9349,432.25165
14946,388.23248
9594,1121.7205
7233,512.4561
2077,934.45734
6171,417.69424
7082,747.5554
2301,463.9938
19888,390.00262
15693,239.27692
7059,409.51703
7224,333.16162
16527,3130.913
7506,416.9757
17905,208.98695
18814,495.60922
10735,499.65842
13469,2214.2385
10493,315.1615
18926,1643.788
10632,447.4527
16950,499.9704
16948,414.73633
20659,1396.738
3045,318.20364
19161,501.6234
11695,329.96564
19530,330.24875
6822,474.2955
19977,1093.727
2723,482.0016
10265,1896.825
6451,368.23447
13649,517.9107
16568,764.0687
16712,1842.1086
14850,833.87366
15653,483.81897
864,466.0299
6999,446.07327
7475,803.51654
12070,513.4729
18844,451.05374
9382,419.23148
19518,445.52325
12998,434.30457
13054,333.6112
18653,673.216
6353,506.09705
20693,399.84558
4429,1885.0042
11449,1157.1605
12394,445.9249
18210,511.59656
291,503.15244
12439,598.82947
7098,382.78198
751,413.39423
15382,399.8431
1612,632.1104
20354,688.2357
1059,430.61166
4168,478.57288
14119,376.4406
15833,660.7245
6895,410.41275
14755,789.6481
4560,216.71321
4828,621.4624
6650,264.86588
7118,400.38794
5932,400.2126
15882,497.52222
8466,1104.3286
16021,1242.2761
9774,654.2483
11058,523.2001
16471,239.27692
16298,456.17343
12725,837.19226
1112,502.2809
4470,2012.6648
6303,441.63263
20686,667.98486
11857,473.13226
14258,419.21777
18325,688.2357
19817,309.07422
9515,587.63184
3269,1533.405
6768,2877.3562
11737,451.62003
16485,837.1663
4330,458.75293
11416,631.6687
4569,326.53992
12985,539.9251
2133,492.62915
1292,279.82037
1492,423.30777
18175,2997.2947
10807,299.44186
15628,332.34888
10487,815.3444
18894,447.64618
11085,438.19455
4679,414.9513
410,324.4584
3777,376.54532
7173,398.17493
18178,535.7491
12984,1680.4402
16236,392.37546
6282,487.82373
1980,557.71356
3114,713.88293
17661,195.77568
18650,437.08997
13079,274.6616
1634,1077.589
8632,492.9913
3528,352.5137
7444,811.96075
10732,599.4094
2898,1303.8702
16106,775.1879
8410,355.3974
2733,1824.611
2001,409.09134
7450,392.78918
1396,1543.4712
7776,1159.6981
15706,364.6001
18953,473.02502
6470,465.21613
16918,568.2716
13328,1077.589
19180,757.6204
16810,459.41525
17730,313.89023
18674,1923.3466
14059,786.5203
20853,401.99988
1722,539.62024
14592,518.02747
11843,555.0411
17776,335.55502
11556,346.34595
2121,519.5721
173,445.69614
17242,1344.7704
13546,505.07068
10915,378.32126
4676,300.26236
3870,554.0071
5277,1557.6654
11953,461.5521
12410,2493.521
8891,1760.977
11893,351.63525
16338,445.5897
11398,418.41483
4220,1583.7609
15456,342.2927
4869,499.9948
11067,437.21332
6229,562.4169
16010,281.58893
6244,412.62076
7668,364.07108
20625,393.6494
9894,354.55292
17982,503.9897
5726,2263.8962
4415,739.4322
5204,528.00604
18975,340.704
3357,499.14337
5645,361.3793
3639,304.147
15770,425.84006
7689,735.6259
3796,494.28345
17519,502.62888
7760,572.17957
3981,434.71045
12673,302.66925
7831,539.01215
4780,399.8431
2303,370.78998
7455,1581.5616
20224,338.74118
9805,2673.5378
20123,3220.63
16065,1755.2803
10402,413.9721
10479,528.8162
18290,764.67554
5193,321.83856
169,502.305
10925,2019.2384
4471,321.78854
1595,473.75494
9670,305.1648
10928,482.53915
5171,464.07172
7321,476.01102
5755,942.9931
18410,487.79636
3283,413.86514
3876,1290.4355
5281,283.7648
5273,548.6092
1338,256.06082
5031,635.65607
1069,2849.0012
5436,327.00006
16084,462.93445
18128,568.2716
7877,248.71204
8293,502.1434
10718,634.54224
8088,447.8483
6552,2303.3008
11156,377.59024
12003,427.49033
1197,711.9859
15402,807.8492
5782,312.52286
3420,364.80344
2599,415.06873
318,399.63144
2186,470.2517
8918,578.3028
6797,393.98633
9071,486.9967
5256,273.9921
19248,386.68362
5777,2380.4424
10430,501.7272
9004,345.9758
7535,511.84402
6751,307.45078
7558,440.7402
452,435.58673
9876,658.87714
19321,1699.8357
9729,404.2949
4038,548.8255
17638,295.99142
139,548.14655
11582,428.78976
19822,436.43124
12666,373.90662
13793,503.31653
386,1656.9292
11766,356.2418
9997,442.1985
718,565.3097
9577,505.143
12905,458.46594
19205,636.86084
17821,599.6674
4677,541.85834
13291,270.5841
16253,647.64417
8902,559.39496
5520,2173.68
14209,425.5941
18232,548.1248
19519,400.3054
1418,508.88156
16155,471.52078
8358,1593.0707
3230,2901.7334
3657,1082.2987
20016,460.92236
6285,294.38852
1526,383.13943
19041,2102.2776
15239,485.85004
5271,518.7099
8984,488.47864
9536,1829.7455
20587,416.42273
15739,417.5981
11214,394.24716
11348,705.52155
13866,961.43536
10668,678.6486
18259,475.81454
18998,459.0945
148,541.5613
2528,298.88083
1763,759.3338
14054,421.96997
7062,272.99945
8618,752.5464
14756,595.51843
18077,898.11505
5234,665.2328
10373,442.30765
7622,714.4628
4800,535.0107
15561,2749.5344
9203,462.68478
7494,851.7063
3977,280.82626
19309,438.1917
14330,523.5777
7868,438.97842
4273,306.28033
7739,310.6904
4923,532.06195
20943,599.6674
9172,437.22256
7133,477.12622
13949,497.79074
19535,417.80063
2798,377.0095
10179,957.4537
11115,816.23785
9031,416.06082
15154,377.43802
3520,305.3225
4588,359.4398
20019,560.87427
6696,449.7568
829,329.8816
754,392.23746
11733,393.37784
19927,587.48834
19747,1647.2737
9628,433.9436
9675,471.1284
17545,1053.9164
8291,754.46875
19401,603.9047
13727,308.02283
13058,3508.702
19002,580.3747
13088,304.98138
1443,1402.9061
12020,594.78784
12796,726.04675
20182,941.525
6827,440.51978
19035,925.55444
11940,384.36798
15002,1150.6626
6017,484.31204
20147,307.67072
15860,397.40598
13023,474.68536
832,437.90543
14167,446.75784
18755,339.2146
10881,1182.2864
8873,502.4735
8741,429.03152
13187,2377.4785
11239,2406.4739
20825,411.91028
17267,2380.4424
543,284.04102
2779,240.5831
14440,352.9308
7094,1886.1761
15620,320.87463
15371,646.55383
8727,554.6342
9448,603.4404
5241,667.76385
8323,1064.1891
2475,335.46243
18424,495.51624
13217,931.0195
8809,530.4306
1817,514.7724
19650,402.2773
8922,575.7367
18746,463.5452
19202,325.6627
2763,2327.851
20187,304.90396
2472,322.61795
11075,1788.5886
8790,511.19318
16817,625.4652
13910,2855.871
10934,441.80276
5513,729.8206
4177,201.31642
17796,575.2334
9462,380.6129
19698,423.85254
11632,487.87128
7410,317.2011
19146,533.6276
1819,548.86035
3973,717.91223
14450,2463.0962
3132,331.9724
12086,1577.7002
20577,381.97592
10321,479.86688
4221,762.9819
1436,1426.814
13598,521.8208
8737,359.08438
11798,478.9217
13410,670.099
15713,1340.1791
9253,2184.745
20857,408.56607
20887,1141.9027
5213,596.7646
6242,345.5873
18859,984.417
10241,1641.7765
385,1070.4319
16985,431.6649
917,565.9511
8374,1782.6887
3758,413.87686
460,350.39746
6502,411.63892
711,368.26633
14907,500.11334
7698,566.155
2344,303.38858
4888,376.00214
12334,384.5379
7555,714.94165
9723,601.6858
4728,450.09192
11478,301.9995
2562,473.30832
19752,263.10474
6227,299.99472
3262,425.13403
13162,458.44574
10623,2190.845
11099,449.67844
1504,458.46594
9554,208.98695
18752,261.0689
8716,618.1107
17441,435.872
10077,514.4642
1316,454.6583
7356,415.94083
9513,313.8435
4638,337.078
4390,1893.4701
3781,1477.5906
10628,491.30154
4864,560.19965
1908,286.08514
10509,286.08514
8025,375.9697
5015,501.1601
10236,418.9057
10769,430.77554
6275,533.72754
20213,1814.1372
15086,430.85187
14027,601.3665
4896,318.84335
11392,669.04364
16256,460.05643
13340,549.47034
2326,4036.3594
14127,345.45364
1594,272.1635
7467,282.4801
13461,2306.279
3345,445.93143
18693,263.4278
3305,448.98788
13503,430.68155
989,421.87024
6988,394.77527
4217,291.95535
3352,637.907
16751,373.1963
16463,382.3325
20749,409.43195
7766,271.02515
10000,482.4353
4772,1694.6787
11944,441.93008
2774,444.60977
118,626.53186
662,1297.5032
16055,337.078
11867,502.2731
20327,748.39557
9313,1311.1493
17918,447.8483
20227,248.33163
4165,379.56863
13353,419.19238
4945,1352.9097
12518,428.38263
699,235.77657
16474,511.71613
17031,543.1659
13175,566.53723
17641,601.81256
344,762.62915
4054,394.19577
15015,554.6342
18992,332.14423
13743,512.62256
3181,501.46164
17434,626.49835
14537,474.38138
18353,396.8088
7347,454.37512
8817,1360.0677
2355,1894.8275
18247,1318.125
3807,387.97324
12235,471.21094
19668,404.9907
7682,360.7787
13171,1824.611
2583,712.4278
19137,4366.6885
19086,1894.6198
4356,411.16556
19794,565.62836
18531,282.86127
12861,1981.824
15825,490.84393
19349,778.96857
16413,573.6919
9822,531.26465
10954,483.3861
6539,2675.7378
17725,496.18726
20048,529.814
1973,465.092
349,1206.0643
15428,290.56525
9066,419.41586
16192,410.89093
7598,588.6708
9825,308.9078
13616,2328.5857
1667,331.19318
16648,375.703
8987,443.44556
18064,411.6826
15540,253.21033
7435,227.2885
7895,540.4893
20622,399.84558
3457,383.46265
4609,589.4093
10854,231.52823
15484,2177.275
2227,248.33163
7733,523.6087
14178,520.6493
613,756.3245
16096,519.67255
3907,392.13177
13552,306.74518
475,596.6316
1889,484.28452
729,502.81393
15448,239.27692
1765,1852.9634
606,893.4401
6168,2530.3389
1107,438.09457
5388,441.93655
14698,508.11475
18305,259.77542
3534,450.9811
13846,463.12357
4393,2696.8716
9380,298.00064
8654,455.8381
3903,381.68155
4336,1318.5786
18321,614.9512
12972,475.41284
1020,299.44186
8972,477.52304
9244,402.0861
12285,341.4285
20072,1046.1213
8960,399.16483
20407,413.15213
8329,2134.6936
4086,307.83572
9196,280.97925
5201,493.49188
16984,429.274
10610,495.51624
19437,563.14056
14800,2364.7073
2529,340.704
16005,486.49268
962,1195.2743
7992,473.30832
9361,372.95557
5519,614.99884
13090,1144.4432
15110,1053.4667
15262,1269.1018
13509,2177.275
527,1545.0199
11710,253.0109
11234,488.8426
5036,1557.6771
20177,369.9261
170,539.5811
17544,444.74683
9180,835.2181
5984,378.75107
9504,482.18893
18901,235.87103
7491,442.4321
18345,466.78418
15539,1125.5409
7436,363.9223
19831,348.60535
1321,417.93127
2690,550.8425
11232,439.29886
19883,750.6842
19469,270.5841
7360,694.9726
18885,363.89444
19598,826.43243
11437,377.0095
7192,409.63785
10520,1327.1066
5765,784.2253
6279,280.54175
13792,355.16052
3661,483.43137
12279,804.0479
4571,1177.815
16899,468.18283
5496,2353.945
9936,487.21878
3298,850.4417
753,743.5503
16387,297.764
19114,1298.6064
17204,410.33643
16518,288.76666
10953,2491.028
20384,251.26202
8504,289.3699
853,431.41364
9272,509.35745
13118,732.9805
7101,479.86688
14688,534.7215
17966,484.31204
79,1663.4308
222,528.18787
11962,574.8595
18895,2722.6104
2718,497.7206
5434,539.2268
6685,471.13596
13629,1269.2607
13448,564.75214
8609,437.58694
2710,439.2363
7216,404.81735
1405,369.1474
2534,3832.2913
5657,288.747
9432,338.21762
7124,779.6277
13657,2641.3489
8480,2641.0164
11384,1465.4612
5221,470.5113
7966,334.41644
8172,327.71036
13926,365.57455
20311,281.49765
7272,335.0031
2296,473.02502
19032,1119.1613
19374,910.06165
13843,467.49786
14074,602.0752
2013,312.62015
9855,251.26202
16281,315.95944
19979,421.6565
14462,579.13916
19940,269.24872
4705,492.6627
18375,840.2341
7566,328.93408
13517,407.59177
20319,466.97842
16455,421.77097
18164,402.58987
11457,909.4908
8254,820.37384
3602,582.8678
18107,538.3667
16076,673.8679
9891,3703.6335
2550,302.53384
8453,288.747
15204,444.82574
9698,182.6305
3740,529.1527
3812,452.87823
703,293.60413
1041,245.91049
3024,535.9217
13358,417.12408
11664,278.04968
5117,531.15247
12510,494.41458
14735,485.24106
16937,469.05777
11980,275.4964
13474,391.3452
11511,769.7328
13578,520.3493
19162,425.11157
9635,330.03217
8445,473.00992
20202,381.87527
12887,442.17114
1551,297.05325
17693,589.85077
19900,357.93976
4197,526.2779
20482,2942.0154
2993,465.703
6207,329.37366
6916,534.08203
18790,299.6322
12029,2332.641
12408,2688.1272
14093,475.36853
2935,240.89133
20287,163.93672
10183,569.36096
6780,1796.6707
6425,389.37048
13261,589.4093
19177,330.68878
13160,592.7005
6378,505.23434
20703,493.23947
19523,519.93665
8640,576.9259
11255,348.05936
4266,282.63672
17432,498.30777
8366,476.53384
5567,1421.9414
15497,887.44507
1138,399.84558
19841,648.8953
17327,1039.2461
17334,1161.3982
18091,2641.0164
725,362.8917
5269,457.67264
3963,464.88757
1475,2949.0427
7988,2219.946
1272,502.2809
14704,255.52686
14454,417.32742
19980,388.98798
9283,1553.698
15645,397.60526
13276,1807.5953
9374,1360.9049
10598,984.417
15679,488.72656
13126,294.70926
11609,336.12122
13780,479.02396
0,630.97253
5113,386.54974
4209,672.15326
20964,261.18207
4555,463.9938
14028,436.8811
2615,397.575
12475,525.97516
14249,330.8702
19504,789.3103
20281,1163.0271
3642,612.3625
15603,413.72638
10113,598.9367
10736,237.0785
17128,2377.4785
13817,512.4829
2451,708.42834
12058,790.74255
20001,440.33435
13354,290.55832
8585,246.77173
1261,422.6353
12026,2319.96
3378,483.81146
15188,473.30832
8486,446.6362
3877,459.16208
1876,534.94666
15274,463.31558
17159,469.67383
11421,430.76196
7266,462.93814
10910,900.3459
1491,2330.5715
14408,561.4253
1897,336.3691
18976,434.62903
20372,2729.2917
11988,430.20526
16600,404.37228
3105,531.30255
18639,1360.9199
6429,486.48505
9398,368.08
19500,406.88675
1158,426.4948
11928,444.32846
5965,1499.1868
2930,1011.19946
3165,989.80304
4879,840.3399
14328,457.63477
13181,649.611
19210,857.7076
15256,495.51624
456,1474.9124
2055,448.17172
15419,509.03952
4747,1933.0547
12253,342.36337
10927,519.93665
12950,233.47977
15851,284.0677
11335,434.09573
10471,413.18292
13257,279.23157
14477,1686.86
6593,3801.9988
12523,445.93787
10801,603.0474
17041,2422.7417
29,260.73102
16156,443.8944
736,470.2763
12301,513.38226
12392,488.3802
13742,239.27692
14793,433.48798
6291,476.01102
8425,377.75677
11799,840.52234
5586,560.4941
17457,479.4992
18117,435.1958
14190,443.8481
4026,619.5844
10316,418.48172
9077,704.63116
259,465.7487
8847,558.60223
11626,2476.142
11013,337.96906
4726,403.44656
8140,537.20404
5175,334.12305
8078,488.3802
11564,244.29926
4529,463.95718
20050,1535.4785
18682,590.44476
2402,695.67664
16131,587.86487
16286,594.78784
13143,699.506
4144,460.81854
13938,519.7531
4651,1980.5792
9733,569.7938
492,480.09512
4269,318.45312
15024,575.2334
1739,574.5448
12374,1205.2938
15544,405.03168
3578,510.7754
20233,182.6305
13827,478.46173
20146,483.97397
9324,2156.2905
11729,326.5358
12508,425.84006
14088,299.55933
14076,1175.3562
2925,531.28625
11661,424.72318
5199,1336.5344
8890,501.77634
19001,872.9001
10532,817.73615
10422,395.6084
3119,236.41304
13524,393.5192
16354,329.81772
4495,898.4789
9549,2463.2578
20167,540.9608
11723,261.33054
1465,454.16025
3724,421.57166
10788,1611.2302
12120,430.20526
16417,555.6689
19760,498.9889
4511,337.9209
12319,587.12164
779,1281.7786
2239,316.6199
8031,539.1723
14715,568.9267
20109,394.3693
6918,234.84253
13754,453.85217
18536,1958.6128
4318,540.0407
5386,288.52994
3624,647.02136
4633,335.0031
17040,390.29736
4316,498.30777
14242,275.40497
5472,429.64923
14342,377.7195
14648,1151.9087
6628,1689.422
14795,763.85504
5654,375.31622
15754,1016.2229
11872,762.0718
7761,589.4093
9100,461.2156
3467,2468.7773
314,401.52567
3692,498.4371
18544,345.11716
5868,1820.9741
3739,267.4596
12954,475.0385
20222,348.05936
3597,1284.6613
19342,266.11844
18044,429.06128
3358,505.93597
5664,502.2809
19193,516.9691
1018,884.3323
47,1720.7015
3346,584.2097
294,1027.3367
4754,484.66437
16857,422.35632
14802,567.5173
4504,491.30154
8688,445.25403
17772,480.6393
18864,2306.358
851,655.10254
156,800.6663
7653,311.2873
15060,1611.2302
15326,402.98157
9575,1776.9849
11787,363.93326
11235,399.1805
16941,1146.6724
3458,1328.3445
13164,2219.937
17953,1964.2747
12094,341.777
17692,267.90942
7103,3494.2686
8627,412.66553
3958,499.9704
7246,891.22253
404,701.9659
1529,2212.4753
16081,508.6648
19551,329.88873
17888,312.56378
15130,1011.6321
8183,329.64142
16537,596.7646
4479,531.2313
20652,1239.024
14080,551.3963
12489,420.02722
11054,500.16354
13803,481.20087
5287,421.9255
7919,496.48965
11743,563.96155
11031,300.2335
20225,3739.6565
2015,211.66264
4108,472.43033
14982,374.10587
2223,277.483
6461,828.0742
14788,416.42273
4443,327.17886
11956,1029.5447
8635,315.52573
13485,514.7724
6762,489.55585
13882,284.678
8686,274.01273
15136,573.1692
16182,292.78867
13298,305.39755
18026,428.2511
2295,311.20926
13065,545.8777
14078,2552.226
9585,494.71408
12356,778.96857
11647,1546.1592
16043,256.3121
3542,553.5621
6636,657.22046
11209,2468.7773
12788,4225.208
4060,781.7853
3626,1964.2747
19919,293.4751
15748,583.1319
9553,448.6844
18038,321.91934
18955,868.0478
19872,299.62766
8607,1416.2094
8748,2098.9565
5628,415.194
9963,530.5934
1219,391.91937
19874,577.7228
13790,2338.9458
19647,831.2256
20704,521.7915
3766,2427.9006
9552,294.5634
17071,426.73373
16381,208.75797
16380,321.2694
6856,468.7524
17027,460.38242
3292,364.6001
9769,833.87366
8223,486.148
18385,1487.1459
15841,364.92755
5511,472.11038
13959,377.42877
16621,350.2084
2233,859.5094
9466,312.10422
20763,473.02502
12317,208.75797
1733,319.46774
20790,417.12408
13382,1112.2012
13174,473.02502
16378,575.7367
14085,314.92307
3575,379.5161
19056,351.63525
663,590.9109
10028,355.02603
2172,290.54636
4573,508.49097
16976,264.73782
19138,383.57077
12178,501.50934
16416,548.9899
14547,304.90396
20573,381.4787
17430,636.60846
12398,361.3793
18322,249.50764
16703,984.417
3988,410.98914
4457,304.90396
17854,548.441
10581,449.1457
5735,1168.758
9522,419.9106
17415,523.6332
15704,2051.4321
19115,1360.0677
1385,333.16162
861,379.11038
4458,956.5023
3007,804.0479
11219,356.91415
6907,675.28235
19565,300.05673
2237,612.3368
15138,410.64688
13537,786.5203
15707,2308.0066
3547,805.03766
8343,245.6476
554,396.72803
11301,557.6685
13158,495.15033
11528,427.80026
11726,386.94693
1166,734.4028
1191,498.13513
15317,254.37709
648,339.00412
12158,569.285
6007,1318.5786
15547,399.6044
12515,2422.7417
14033,361.74118
297,671.85406
18733,402.58987
6162,264.37994
13574,864.19745
